{"cameraMode":{"drawMode":0,"name":"Shaded","section":"Shading Mode"},"sceneLighting":false,"audioPlay":false,"sceneViewState":{"showFog":true,"showMaterialUpdate":false,"showSkybox":false,"showFlares":true,"showImageEffects":true,"showParticleSystems":true},"in2DMode":false,"pivot":{"x":5.000614166259766,"y":6.329504013061523,"z":-10.556397438049317},"rotation":{"x":-0.11317247897386551,"y":0.7591381072998047,"z":-0.13720665872097016,"w":-0.6261604428291321},"size":49.512413024902347,"orthographic":false}